Workbook

Sheet Raw Data
A1: POL | B1: POD | C1: ATD | D1: ATA | E1: Transit Days
A2: INKAT | B2: ROCND | C2: 45828.992 | D2: 45885.25 | E2: =D2-C2 -> 56.258333
A3: INENR | B3: BRPNG | C3: 45931.208 | D3: 45966.508 | E3: =D3-C3 -> 35.3
A4: INNSA | B4: BRPNG | C4: 45869.992 | D4: 45912.762 | E4: =D4-C4 -> 42.770833
A5: BEANR | B5: CLSAI | C5: 45698.396 | D5: 45728.137 | E5: =D5-C5 -> 29.741667
A6: KRPUS | B6: ESVLC | C6: 45698.628 | D6: 45742.387 | E6: =D6-C6 -> 43.759722
A7: ESALG | B7: CLSAI | C7: 45683.375 | D7: 45735.213 | E7: =D7-C7 -> 51.8375
A8: CNSHA | B8: ESVLC | C8: 45761.451 | D8: 45805.246 | E8: =D8-C8 -> 43.794444
A9: INMAA | B9: ESVLC | C9: 45703.463 | D9: 45742.387 | E9: =D9-C9 -> 38.925
A10: CNHUA | B10: TRIZT | C10: 45672.723 | D10: 45723.833 | E10: =D10-C10 -> 51.110417
A11: FRLEH | B11: BRPNG | C11: 45670.008 | D11: 45700.417 | E11: =D11-C11 -> 30.409028
A12: INNSA | B12: CLSAI | C12: 45719.585 | D12: 45804.662 | E12: =D12-C12 -> 85.077083
A13: ESVLC | B13: BRPNG | C13: 46060.122 | D13: 46085.458 | E13: =D13-C13 -> 25.335417
... A7383: CNSHA | B7383: SIKOP | C7383: 46205.641 | D7383: 46266.484 | E7383: =D7383-C7383 -> 60.843229

Sheet All Flows
A1: POL | B1: POD | C1: Origin | D1: Origin Country | E1: Destination | F1: Destination Country | G1: Shipments (n) | H1: Confidence | I1: Mean (days) | J1: Median / P50 (days) | K1: Std Dev (days) | L1: CV (Std/Mean) | M1: P75 (days) | N1: P90 (days) | O1: P95 (days) | P1: Normal-approx P90 (days) | Q1: Tail skew gap (P90 - Normal P90) | R1: Recommended Transit Time (days) | S1: Method
A2: INKAT | B2: BRPNG | C2: Kattupalli (INKAT) | D2: India | E2: Paranaguá (BRPNG) | F2: Brazil | G2: =COUNTIFS('Raw Data'!$A$2:$A$7383,A2,'Raw Data'!$B$2:$B$7383,B2) -> 908 | H2: =IF(G2>=15,"High",IF(G2>=5,"Medium","Low")) -> High | I2: =IFERROR(AVERAGEIFS('Raw Data'!$E$2:$E$7383,'Raw Data'!$A$2:$A$7383,A2,'Raw Data'!$B$2:$B$7383,B2),0) -> 34.723794 | J2: {=IFERROR(MEDIAN(IF(('Raw Data'!$A$2:$A$7383=A2)*('Raw Data'!$B$2:$B$7383=B2),'Raw Data'!$E$2:$E$7383)),0)} -> 31.997222 | K2: {=IFERROR(STDEV(IF(('Raw Data'!$A$2:$A$7383=A2)*('Raw Data'!$B$2:$B$7383=B2),'Raw Data'!$E$2:$E$7383)),0)} -> 9.9297739 | L2: =IF(I2=0,0,K2/I2) -> 0.28596454 | M2: {=IFERROR(PERCENTILE(IF(('Raw Data'!$A$2:$A$7383=A2)*('Raw Data'!$B$2:$B$7383=B2),'Raw Data'!$E$2:$E$7383),0.75),0)} -> 41.358333 | N2: {=IFERROR(PERCENTILE(IF(('Raw Data'!$A$2:$A$7383=A2)*('Raw Data'!$B$2:$B$7383=B2),'Raw Data'!$E$2:$E$7383),0.9),0)} -> 47.6875 | O2: {=IFERROR(PERCENTILE(IF(('Raw Data'!$A$2:$A$7383=A2)*('Raw Data'!$B$2:$B$7383=B2),'Raw Data'!$E$2:$E$7383),0.95),0)} -> 52.332639 | P2: =I2+1.2816*K2 -> 47.449792 | Q2: =N2-P2 -> 0.23770801 | R2: =IF(G2<5,J2+K2,N2) -> 47.6875 | S2: =IF(G2<5,"Median + 1 Std Dev (fallback, n<5)","P90 empirical percentile") -> P90 empirical percentile
A3: JPYOK | B3: FRLEH | C3: Yokohama (JPYOK) | D3: Japan | E3: Le Havre (FRLEH) | F3: France | G3: =COUNTIFS('Raw Data'!$A$2:$A$7383,A3,'Raw Data'!$B$2:$B$7383,B3) -> 504 | H3: =IF(G3>=15,"High",IF(G3>=5,"Medium","Low")) -> High | I3: =IFERROR(AVERAGEIFS('Raw Data'!$E$2:$E$7383,'Raw Data'!$A$2:$A$7383,A3,'Raw Data'!$B$2:$B$7383,B3),0) -> 57.489081 | J3: {=IFERROR(MEDIAN(IF(('Raw Data'!$A$2:$A$7383=A3)*('Raw Data'!$B$2:$B$7383=B3),'Raw Data'!$E$2:$E$7383)),0)} -> 54.873264 | K3: {=IFERROR(STDEV(IF(('Raw Data'!$A$2:$A$7383=A3)*('Raw Data'!$B$2:$B$7383=B3),'Raw Data'!$E$2:$E$7383)),0)} -> 9.0140609 | L3: =IF(I3=0,0,K3/I3) -> 0.15679605 | M3: {=IFERROR(PERCENTILE(IF(('Raw Data'!$A$2:$A$7383=A3)*('Raw Data'!$B$2:$B$7383=B3),'Raw Data'!$E$2:$E$7383),0.75),0)} -> 63.563889 | N3: {=IFERROR(PERCENTILE(IF(('Raw Data'!$A$2:$A$7383=A3)*('Raw Data'!$B$2:$B$7383=B3),'Raw Data'!$E$2:$E$7383),0.9),0)} -> 68.641667 | O3: {=IFERROR(PERCENTILE(IF(('Raw Data'!$A$2:$A$7383=A3)*('Raw Data'!$B$2:$B$7383=B3),'Raw Data'!$E$2:$E$7383),0.95),0)} -> 74.970833 | P3: =I3+1.2816*K3 -> 69.041502 | Q3: =N3-P3 -> -0.39983491 | R3: =IF(G3<5,J3+K3,N3) -> 68.641667 | S3: =IF(G3<5,"Median + 1 Std Dev (fallback, n<5)","P90 empirical percentile") -> P90 empirical percentile
A4: INENR | B4: BRPNG | C4: Ennore (INENR) | D4: India | E4: Paranaguá (BRPNG) | F4: Brazil | G4: =COUNTIFS('Raw Data'!$A$2:$A$7383,A4,'Raw Data'!$B$2:$B$7383,B4) -> 502 | H4: =IF(G4>=15,"High",IF(G4>=5,"Medium","Low")) -> High | I4: =IFERROR(AVERAGEIFS('Raw Data'!$E$2:$E$7383,'Raw Data'!$A$2:$A$7383,A4,'Raw Data'!$B$2:$B$7383,B4),0) -> 46.202623 | J4: {=IFERROR(MEDIAN(IF(('Raw Data'!$A$2:$A$7383=A4)*('Raw Data'!$B$2:$B$7383=B4),'Raw Data'!$E$2:$E$7383)),0)} -> 46.458333 | K4: {=IFERROR(STDEV(IF(('Raw Data'!$A$2:$A$7383=A4)*('Raw Data'!$B$2:$B$7383=B4),'Raw Data'!$E$2:$E$7383)),0)} -> 8.9159441 | L4: =IF(I4=0,0,K4/I4) -> 0.19297485 | M4: {=IFERROR(PERCENTILE(IF(('Raw Data'!$A$2:$A$7383=A4)*('Raw Data'!$B$2:$B$7383=B4),'Raw Data'!$E$2:$E$7383),0.75),0)} -> 51.245833 | N4: {=IFERROR(PERCENTILE(IF(('Raw Data'!$A$2:$A$7383=A4)*('Raw Data'!$B$2:$B$7383=B4),'Raw Data'!$E$2:$E$7383),0.9),0)} -> 56.9325 | O4: {=IFERROR(PERCENTILE(IF(('Raw Data'!$A$2:$A$7383=A4)*('Raw Data'!$B$2:$B$7383=B4),'Raw Data'!$E$2:$E$7383),0.95),0)} -> 66.4 | P4: =I4+1.2816*K4 -> 57.629297 | Q4: =N4-P4 -> -0.6967968 | R4: =IF(G4<5,J4+K4,N4) -> 56.9325 | S4: =IF(G4<5,"Median + 1 Std Dev (fallback, n<5)","P90 empirical percentile") -> P90 empirical percentile
A5: KRPUS | B5: ESVLC | C5: Busan (KRPUS) | D5: Korea, Republic of | E5: Valencia (ESVLC) | F5: Spain | G5: =COUNTIFS('Raw Data'!$A$2:$A$7383,A5,'Raw Data'!$B$2:$B$7383,B5) -> 244 | H5: =IF(G5>=15,"High",IF(G5>=5,"Medium","Low")) -> High | I5: =IFERROR(AVERAGEIFS('Raw Data'!$E$2:$E$7383,'Raw Data'!$A$2:$A$7383,A5,'Raw Data'!$B$2:$B$7383,B5),0) -> 47.906648 | J5: {=IFERROR(MEDIAN(IF(('Raw Data'!$A$2:$A$7383=A5)*('Raw Data'!$B$2:$B$7383=B5),'Raw Data'!$E$2:$E$7383)),0)} -> 47.229861 | K5: {=IFERROR(STDEV(IF(('Raw Data'!$A$2:$A$7383=A5)*('Raw Data'!$B$2:$B$7383=B5),'Raw Data'!$E$2:$E$7383)),0)} -> 4.3822473 | L5: =IF(I5=0,0,K5/I5) -> 0.091474723 | M5: {=IFERROR(PERCENTILE(IF(('Raw Data'!$A$2:$A$7383=A5)*('Raw Data'!$B$2:$B$7383=B5),'Raw Data'!$E$2:$E$7383),0.75),0)} -> 50.101042 | N5: {=IFERROR(PERCENTILE(IF(('Raw Data'!$A$2:$A$7383=A5)*('Raw Data'!$B$2:$B$7383=B5),'Raw Data'!$E$2:$E$7383),0.9),0)} -> 53.948611 | O5: {=IFERROR(PERCENTILE(IF(('Raw Data'!$A$2:$A$7383=A5)*('Raw Data'!$B$2:$B$7383=B5),'Raw Data'!$E$2:$E$7383),0.95),0)} -> 56.125694 | P5: =I5+1.2816*K5 -> 53.522936 | Q5: =N5-P5 -> 0.42567548 | R5: =IF(G5<5,J5+K5,N5) -> 53.948611 | S5: =IF(G5<5,"Median + 1 Std Dev (fallback, n<5)","P90 empirical percentile") -> P90 empirical percentile
A6: BRPNG | B6: TRIZT | C6: Paranaguá (BRPNG) | D6: Brazil | E6: Izmit (TRIZT) | F6: Türkiye | G6: =COUNTIFS('Raw Data'!$A$2:$A$7383,A6,'Raw Data'!$B$2:$B$7383,B6) -> 241 | H6: =IF(G6>=15,"High",IF(G6>=5,"Medium","Low")) -> High | I6: =IFERROR(AVERAGEIFS('Raw Data'!$E$2:$E$7383,'Raw Data'!$A$2:$A$7383,A6,'Raw Data'!$B$2:$B$7383,B6),0) -> 42.000925 | J6: {=IFERROR(MEDIAN(IF(('Raw Data'!$A$2:$A$7383=A6)*('Raw Data'!$B$2:$B$7383=B6),'Raw Data'!$E$2:$E$7383)),0)} -> 42.1 | K6: {=IFERROR(STDEV(IF(('Raw Data'!$A$2:$A$7383=A6)*('Raw Data'!$B$2:$B$7383=B6),'Raw Data'!$E$2:$E$7383)),0)} -> 7.6362342 | L6: =IF(I6=0,0,K6/I6) -> 0.1818111 | M6: {=IFERROR(PERCENTILE(IF(('Raw Data'!$A$2:$A$7383=A6)*('Raw Data'!$B$2:$B$7383=B6),'Raw Data'!$E$2:$E$7383),0.75),0)} -> 47.221528 | N6: {=IFERROR(PERCENTILE(IF(('Raw Data'!$A$2:$A$7383=A6)*('Raw Data'!$B$2:$B$7383=B6),'Raw Data'!$E$2:$E$7383),0.9),0)} -> 50.516667 | O6: {=IFERROR(PERCENTILE(IF(('Raw Data'!$A$2:$A$7383=A6)*('Raw Data'!$B$2:$B$7383=B6),'Raw Data'!$E$2:$E$7383),0.95),0)} -> 56.939583 | P6: =I6+1.2816*K6 -> 51.787523 | Q6: =N6-P6 -> -1.2708561 | R6: =IF(G6<5,J6+K6,N6) -> 50.516667 | S6: =IF(G6<5,"Median + 1 Std Dev (fallback, n<5)","P90 empirical percentile") -> P90 empirical percentile
A7: CNSHA | B7: ESVLC | C7: Shanghai (CNSHA) | D7: China | E7: Valencia (ESVLC) | F7: Spain | G7: =COUNTIFS('Raw Data'!$A$2:$A$7383,A7,'Raw Data'!$B$2:$B$7383,B7) -> 220 | H7: =IF(G7>=15,"High",IF(G7>=5,"Medium","Low")) -> High | I7: =IFERROR(AVERAGEIFS('Raw Data'!$E$2:$E$7383,'Raw Data'!$A$2:$A$7383,A7,'Raw Data'!$B$2:$B$7383,B7),0) -> 39.940423 | J7: {=IFERROR(MEDIAN(IF(('Raw Data'!$A$2:$A$7383=A7)*('Raw Data'!$B$2:$B$7383=B7),'Raw Data'!$E$2:$E$7383)),0)} -> 38.741435 | K7: {=IFERROR(STDEV(IF(('Raw Data'!$A$2:$A$7383=A7)*('Raw Data'!$B$2:$B$7383=B7),'Raw Data'!$E$2:$E$7383)),0)} -> 3.962295 | L7: =IF(I7=0,0,K7/I7) -> 0.099205133 | M7: {=IFERROR(PERCENTILE(IF(('Raw Data'!$A$2:$A$7383=A7)*('Raw Data'!$B$2:$B$7383=B7),'Raw Data'!$E$2:$E$7383),0.75),0)} -> 42.084722 | N7: {=IFERROR(PERCENTILE(IF(('Raw Data'!$A$2:$A$7383=A7)*('Raw Data'!$B$2:$B$7383=B7),'Raw Data'!$E$2:$E$7383),0.9),0)} -> 45.6375 | O7: {=IFERROR(PERCENTILE(IF(('Raw Data'!$A$2:$A$7383=A7)*('Raw Data'!$B$2:$B$7383=B7),'Raw Data'!$E$2:$E$7383),0.95),0)} -> 48.8875 | P7: =I7+1.2816*K7 -> 45.0185 | Q7: =N7-P7 -> 0.61899972 | R7: =IF(G7<5,J7+K7,N7) -> 45.6375 | S7: =IF(G7<5,"Median + 1 Std Dev (fallback, n<5)","P90 empirical percentile") -> P90 empirical percentile
A8: CNSHA | B8: BRPNG | C8: Shanghai (CNSHA) | D8: China | E8: Paranaguá (BRPNG) | F8: Brazil | G8: =COUNTIFS('Raw Data'!$A$2:$A$7383,A8,'Raw Data'!$B$2:$B$7383,B8) -> 207 | H8: =IF(G8>=15,"High",IF(G8>=5,"Medium","Low")) -> High | I8: =IFERROR(AVERAGEIFS('Raw Data'!$E$2:$E$7383,'Raw Data'!$A$2:$A$7383,A8,'Raw Data'!$B$2:$B$7383,B8),0) -> 43.052744 | J8: {=IFERROR(MEDIAN(IF(('Raw Data'!$A$2:$A$7383=A8)*('Raw Data'!$B$2:$B$7383=B8),'Raw Data'!$E$2:$E$7383)),0)} -> 40.625 | K8: {=IFERROR(STDEV(IF(('Raw Data'!$A$2:$A$7383=A8)*('Raw Data'!$B$2:$B$7383=B8),'Raw Data'!$E$2:$E$7383)),0)} -> 7.6742111 | L8: =IF(I8=0,0,K8/I8) -> 0.17825138 | M8: {=IFERROR(PERCENTILE(IF(('Raw Data'!$A$2:$A$7383=A8)*('Raw Data'!$B$2:$B$7383=B8),'Raw Data'!$E$2:$E$7383),0.75),0)} -> 47.156944 | N8: {=IFERROR(PERCENTILE(IF(('Raw Data'!$A$2:$A$7383=A8)*('Raw Data'!$B$2:$B$7383=B8),'Raw Data'!$E$2:$E$7383),0.9),0)} -> 50.808194 | O8: {=IFERROR(PERCENTILE(IF(('Raw Data'!$A$2:$A$7383=A8)*('Raw Data'!$B$2:$B$7383=B8),'Raw Data'!$E$2:$E$7383),0.95),0)} -> 54.803472 | P8: =I8+1.2816*K8 -> 52.888013 | Q8: =N8-P8 -> -2.0798187 | R8: =IF(G8<5,J8+K8,N8) -> 50.808194 | S8: =IF(G8<5,"Median + 1 Std Dev (fallback, n<5)","P90 empirical percentile") -> P90 empirical percentile
A9: JPYOK | B9: ESALG | C9: Yokohama (JPYOK) | D9: Japan | E9: Algeciras (ESALG) | F9: Spain | G9: =COUNTIFS('Raw Data'!$A$2:$A$7383,A9,'Raw Data'!$B$2:$B$7383,B9) -> 203 | H9: =IF(G9>=15,"High",IF(G9>=5,"Medium","Low")) -> High | I9: =IFERROR(AVERAGEIFS('Raw Data'!$E$2:$E$7383,'Raw Data'!$A$2:$A$7383,A9,'Raw Data'!$B$2:$B$7383,B9),0) -> 52.064274 | J9: {=IFERROR(MEDIAN(IF(('Raw Data'!$A$2:$A$7383=A9)*('Raw Data'!$B$2:$B$7383=B9),'Raw Data'!$E$2:$E$7383)),0)} -> 46.688935 | K9: {=IFERROR(STDEV(IF(('Raw Data'!$A$2:$A$7383=A9)*('Raw Data'!$B$2:$B$7383=B9),'Raw Data'!$E$2:$E$7383)),0)} -> 12.772422 | L9: =IF(I9=0,0,K9/I9) -> 0.24532026 | M9: {=IFERROR(PERCENTILE(IF(('Raw Data'!$A$2:$A$7383=A9)*('Raw Data'!$B$2:$B$7383=B9),'Raw Data'!$E$2:$E$7383),0.75),0)} -> 55.636817 | N9: {=IFERROR(PERCENTILE(IF(('Raw Data'!$A$2:$A$7383=A9)*('Raw Data'!$B$2:$B$7383=B9),'Raw Data'!$E$2:$E$7383),0.9),0)} -> 62.933046 | O9: {=IFERROR(PERCENTILE(IF(('Raw Data'!$A$2:$A$7383=A9)*('Raw Data'!$B$2:$B$7383=B9),'Raw Data'!$E$2:$E$7383),0.95),0)} -> 77.349583 | P9: =I9+1.2816*K9 -> 68.43341 | Q9: =N9-P9 -> -5.5003636 | R9: =IF(G9<5,J9+K9,N9) -> 62.933046 | S9: =IF(G9<5,"Median + 1 Std Dev (fallback, n<5)","P90 empirical percentile") -> P90 empirical percentile
A10: ESVLC | B10: BRPNG | C10: Valencia (ESVLC) | D10: Spain | E10: Paranaguá (BRPNG) | F10: Brazil | G10: =COUNTIFS('Raw Data'!$A$2:$A$7383,A10,'Raw Data'!$B$2:$B$7383,B10) -> 200 | H10: =IF(G10>=15,"High",IF(G10>=5,"Medium","Low")) -> High | I10: =IFERROR(AVERAGEIFS('Raw Data'!$E$2:$E$7383,'Raw Data'!$A$2:$A$7383,A10,'Raw Data'!$B$2:$B$7383,B10),0) -> 26.423156 | J10: {=IFERROR(MEDIAN(IF(('Raw Data'!$A$2:$A$7383=A10)*('Raw Data'!$B$2:$B$7383=B10),'Raw Data'!$E$2:$E$7383)),0)} -> 24.884028 | K10: {=IFERROR(STDEV(IF(('Raw Data'!$A$2:$A$7383=A10)*('Raw Data'!$B$2:$B$7383=B10),'Raw Data'!$E$2:$E$7383)),0)} -> 5.2688442 | L10: =IF(I10=0,0,K10/I10) -> 0.19940253 | M10: {=IFERROR(PERCENTILE(IF(('Raw Data'!$A$2:$A$7383=A10)*('Raw Data'!$B$2:$B$7383=B10),'Raw Data'!$E$2:$E$7383),0.75),0)} -> 27.822222 | N10: {=IFERROR(PERCENTILE(IF(('Raw Data'!$A$2:$A$7383=A10)*('Raw Data'!$B$2:$B$7383=B10),'Raw Data'!$E$2:$E$7383),0.9),0)} -> 35.420833 | O10: {=IFERROR(PERCENTILE(IF(('Raw Data'!$A$2:$A$7383=A10)*('Raw Data'!$B$2:$B$7383=B10),'Raw Data'!$E$2:$E$7383),0.95),0)} -> 37.416667 | P10: =I10+1.2816*K10 -> 33.175707 | Q10: =N10-P10 -> 2.2451267 | R10: =IF(G10<5,J10+K10,N10) -> 35.420833 | S10: =IF(G10<5,"Median + 1 Std Dev (fallback, n<5)","P90 empirical percentile") -> P90 empirical percentile
A11: CNSHA | B11: SIKOP | C11: Shanghai (CNSHA) | D11: China | E11: Koper (SIKOP) | F11: Slovenia | G11: =COUNTIFS('Raw Data'!$A$2:$A$7383,A11,'Raw Data'!$B$2:$B$7383,B11) -> 190 | H11: =IF(G11>=15,"High",IF(G11>=5,"Medium","Low")) -> High | I11: =IFERROR(AVERAGEIFS('Raw Data'!$E$2:$E$7383,'Raw Data'!$A$2:$A$7383,A11,'Raw Data'!$B$2:$B$7383,B11),0) -> 47.625418 | J11: {=IFERROR(MEDIAN(IF(('Raw Data'!$A$2:$A$7383=A11)*('Raw Data'!$B$2:$B$7383=B11),'Raw Data'!$E$2:$E$7383)),0)} -> 45.788194 | K11: {=IFERROR(STDEV(IF(('Raw Data'!$A$2:$A$7383=A11)*('Raw Data'!$B$2:$B$7383=B11),'Raw Data'!$E$2:$E$7383)),0)} -> 4.8978055 | L11: =IF(I11=0,0,K11/I11) -> 0.10284016 | M11: {=IFERROR(PERCENTILE(IF(('Raw Data'!$A$2:$A$7383=A11)*('Raw Data'!$B$2:$B$7383=B11),'Raw Data'!$E$2:$E$7383),0.75),0)} -> 47.078299 | N11: {=IFERROR(PERCENTILE(IF(('Raw Data'!$A$2:$A$7383=A11)*('Raw Data'!$B$2:$B$7383=B11),'Raw Data'!$E$2:$E$7383),0.9),0)} -> 56.123971 | O11: {=IFERROR(PERCENTILE(IF(('Raw Data'!$A$2:$A$7383=A11)*('Raw Data'!$B$2:$B$7383=B11),'Raw Data'!$E$2:$E$7383),0.95),0)} -> 59.448105 | P11: =I11+1.2816*K11 -> 53.902445 | Q11: =N11-P11 -> 2.221526 | R11: =IF(G11<5,J11+K11,N11) -> 56.123971 | S11: =IF(G11<5,"Median + 1 Std Dev (fallback, n<5)","P90 empirical percentile") -> P90 empirical percentile
A12: CNSHA | B12: TRIZT | C12: Shanghai (CNSHA) | D12: China | E12: Izmit (TRIZT) | F12: Türkiye | G12: =COUNTIFS('Raw Data'!$A$2:$A$7383,A12,'Raw Data'!$B$2:$B$7383,B12) -> 190 | H12: =IF(G12>=15,"High",IF(G12>=5,"Medium","Low")) -> High | I12: =IFERROR(AVERAGEIFS('Raw Data'!$E$2:$E$7383,'Raw Data'!$A$2:$A$7383,A12,'Raw Data'!$B$2:$B$7383,B12),0) -> 50.665182 | J12: {=IFERROR(MEDIAN(IF(('Raw Data'!$A$2:$A$7383=A12)*('Raw Data'!$B$2:$B$7383=B12),'Raw Data'!$E$2:$E$7383)),0)} -> 50.981944 | K12: {=IFERROR(STDEV(IF(('Raw Data'!$A$2:$A$7383=A12)*('Raw Data'!$B$2:$B$7383=B12),'Raw Data'!$E$2:$E$7383)),0)} -> 7.4303926 | L12: =IF(I12=0,0,K12/I12) -> 0.14665678 | M12: {=IFERROR(PERCENTILE(IF(('Raw Data'!$A$2:$A$7383=A12)*('Raw Data'!$B$2:$B$7383=B12),'Raw Data'!$E$2:$E$7383),0.75),0)} -> 54.622917 | N12: {=IFERROR(PERCENTILE(IF(('Raw Data'!$A$2:$A$7383=A12)*('Raw Data'!$B$2:$B$7383=B12),'Raw Data'!$E$2:$E$7383),0.9),0)} -> 60.585417 | O12: {=IFERROR(PERCENTILE(IF(('Raw Data'!$A$2:$A$7383=A12)*('Raw Data'!$B$2:$B$7383=B12),'Raw Data'!$E$2:$E$7383),0.95),0)} -> 62.875 | P12: =I12+1.2816*K12 -> 60.187973 | Q12: =N12-P12 -> 0.39744383 | R12: =IF(G12<5,J12+K12,N12) -> 60.585417 | S12: =IF(G12<5,"Median + 1 Std Dev (fallback, n<5)","P90 empirical percentile") -> P90 empirical percentile
A13: KRPUS | B13: TRIZT | C13: Busan (KRPUS) | D13: Korea, Republic of | E13: Izmit (TRIZT) | F13: Türkiye | G13: =COUNTIFS('Raw Data'!$A$2:$A$7383,A13,'Raw Data'!$B$2:$B$7383,B13) -> 165 | H13: =IF(G13>=15,"High",IF(G13>=5,"Medium","Low")) -> High | I13: =IFERROR(AVERAGEIFS('Raw Data'!$E$2:$E$7383,'Raw Data'!$A$2:$A$7383,A13,'Raw Data'!$B$2:$B$7383,B13),0) -> 62.362439 | J13: {=IFERROR(MEDIAN(IF(('Raw Data'!$A$2:$A$7383=A13)*('Raw Data'!$B$2:$B$7383=B13),'Raw Data'!$E$2:$E$7383)),0)} -> 62.815972 | K13: {=IFERROR(STDEV(IF(('Raw Data'!$A$2:$A$7383=A13)*('Raw Data'!$B$2:$B$7383=B13),'Raw Data'!$E$2:$E$7383)),0)} -> 7.8047241 | L13: =IF(I13=0,0,K13/I13) -> 0.12515104 | M13: {=IFERROR(PERCENTILE(IF(('Raw Data'!$A$2:$A$7383=A13)*('Raw Data'!$B$2:$B$7383=B13),'Raw Data'!$E$2:$E$7383),0.75),0)} -> 67.384028 | N13: {=IFERROR(PERCENTILE(IF(('Raw Data'!$A$2:$A$7383=A13)*('Raw Data'!$B$2:$B$7383=B13),'Raw Data'!$E$2:$E$7383),0.9),0)} -> 70.566944 | O13: {=IFERROR(PERCENTILE(IF(('Raw Data'!$A$2:$A$7383=A13)*('Raw Data'!$B$2:$B$7383=B13),'Raw Data'!$E$2:$E$7383),0.95),0)} -> 74.297222 | P13: =I13+1.2816*K13 -> 72.364973 | Q13: =N13-P13 -> -1.798029 | R13: =IF(G13<5,J13+K13,N13) -> 70.566944 | S13: =IF(G13<5,"Median + 1 Std Dev (fallback, n<5)","P90 empirical percentile") -> P90 empirical percentile
... A134: USCHS | B134: BRPNG | C134: Charleston (USCHS) | D134: United States of America (the) | E134: Paranaguá (BRPNG) | F134: Brazil | G134: =COUNTIFS('Raw Data'!$A$2:$A$7383,A134,'Raw Data'!$B$2:$B$7383,B134) -> 1 | H134: =IF(G134>=15,"High",IF(G134>=5,"Medium","Low")) -> Low | I134: =IFERROR(AVERAGEIFS('Raw Data'!$E$2:$E$7383,'Raw Data'!$A$2:$A$7383,A134,'Raw Data'!$B$2:$B$7383,B134),0) -> 29.208958 | J134: {=IFERROR(MEDIAN(IF(('Raw Data'!$A$2:$A$7383=A134)*('Raw Data'!$B$2:$B$7383=B134),'Raw Data'!$E$2:$E$7383)),0)} -> 29.208958 | K134: {=IFERROR(STDEV(IF(('Raw Data'!$A$2:$A$7383=A134)*('Raw Data'!$B$2:$B$7383=B134),'Raw Data'!$E$2:$E$7383)),0)} -> 0 | L134: =IF(I134=0,0,K134/I134) -> 0 | M134: {=IFERROR(PERCENTILE(IF(('Raw Data'!$A$2:$A$7383=A134)*('Raw Data'!$B$2:$B$7383=B134),'Raw Data'!$E$2:$E$7383),0.75),0)} -> 29.208958 | N134: {=IFERROR(PERCENTILE(IF(('Raw Data'!$A$2:$A$7383=A134)*('Raw Data'!$B$2:$B$7383=B134),'Raw Data'!$E$2:$E$7383),0.9),0)} -> 29.208958 | O134: {=IFERROR(PERCENTILE(IF(('Raw Data'!$A$2:$A$7383=A134)*('Raw Data'!$B$2:$B$7383=B134),'Raw Data'!$E$2:$E$7383),0.95),0)} -> 29.208958 | P134: =I134+1.2816*K134 -> 29.208958 | Q134: =N134-P134 -> 0 | R134: =IF(G134<5,J134+K134,N134) -> 29.208958 | S134: =IF(G134<5,"Median + 1 Std Dev (fallback, n<5)","P90 empirical percentile") -> Median + 1 Std Dev (fallback, n<5)

Sheet Selected Flows
A1: POL | B1: POD | C1: Origin | D1: Origin Country | E1: Destination | F1: Destination Country | G1: Shipments (n) | H1: Confidence | I1: Mean (days) | J1: Median / P50 (days) | K1: Std Dev (days) | L1: CV (Std/Mean) | M1: P75 (days) | N1: P90 (days) | O1: P95 (days) | P1: Normal-approx P90 (days) | Q1: Tail skew gap (P90 - Normal P90) | R1: Recommended Transit Time (days) | S1: TT VTT TOOL | T1: GAP
A2: CNSHA | B2: ESVLC | C2: Shanghai (CNSHA) | D2: China | E2: Valencia (ESVLC) | F2: Spain | G2: =COUNTIFS('Raw Data'!$A$2:$A$7383,A2,'Raw Data'!$B$2:$B$7383,B2) -> 220 | H2: =IF(G2>=15,"High",IF(G2>=5,"Medium","Low")) -> High | I2: =IFERROR(AVERAGEIFS('Raw Data'!$E$2:$E$7383,'Raw Data'!$A$2:$A$7383,A2,'Raw Data'!$B$2:$B$7383,B2),0) -> 39.940423 | J2: {=IFERROR(MEDIAN(IF(('Raw Data'!$A$2:$A$7383=A2)*('Raw Data'!$B$2:$B$7383=B2),'Raw Data'!$E$2:$E$7383)),0)} -> 38.741435 | K2: {=IFERROR(STDEV(IF(('Raw Data'!$A$2:$A$7383=A2)*('Raw Data'!$B$2:$B$7383=B2),'Raw Data'!$E$2:$E$7383)),0)} -> 3.962295 | L2: =IF(I2=0,0,K2/I2) -> 0.099205133 | M2: {=IFERROR(PERCENTILE(IF(('Raw Data'!$A$2:$A$7383=A2)*('Raw Data'!$B$2:$B$7383=B2),'Raw Data'!$E$2:$E$7383),0.75),0)} -> 42.084722 | N2: {=IFERROR(PERCENTILE(IF(('Raw Data'!$A$2:$A$7383=A2)*('Raw Data'!$B$2:$B$7383=B2),'Raw Data'!$E$2:$E$7383),0.9),0)} -> 45.6375 | O2: {=IFERROR(PERCENTILE(IF(('Raw Data'!$A$2:$A$7383=A2)*('Raw Data'!$B$2:$B$7383=B2),'Raw Data'!$E$2:$E$7383),0.95),0)} -> 48.8875 | P2: =I2+1.2816*K2 -> 45.0185 | Q2: =N2-P2 -> 0.61899972 | R2: =IF(G2<5,J2+K2,N2) -> 45.6375 | S2: 41 | T2: =+S2-R2 -> -4.6375
A3: CNSHA | B3: TRIZT | C3: Shanghai (CNSHA) | D3: China | E3: Izmit (TRIZT) | F3: Türkiye | G3: =COUNTIFS('Raw Data'!$A$2:$A$7383,A3,'Raw Data'!$B$2:$B$7383,B3) -> 190 | H3: =IF(G3>=15,"High",IF(G3>=5,"Medium","Low")) -> High | I3: =IFERROR(AVERAGEIFS('Raw Data'!$E$2:$E$7383,'Raw Data'!$A$2:$A$7383,A3,'Raw Data'!$B$2:$B$7383,B3),0) -> 50.665182 | J3: {=IFERROR(MEDIAN(IF(('Raw Data'!$A$2:$A$7383=A3)*('Raw Data'!$B$2:$B$7383=B3),'Raw Data'!$E$2:$E$7383)),0)} -> 50.981944 | K3: {=IFERROR(STDEV(IF(('Raw Data'!$A$2:$A$7383=A3)*('Raw Data'!$B$2:$B$7383=B3),'Raw Data'!$E$2:$E$7383)),0)} -> 7.4303926 | L3: =IF(I3=0,0,K3/I3) -> 0.14665678 | M3: {=IFERROR(PERCENTILE(IF(('Raw Data'!$A$2:$A$7383=A3)*('Raw Data'!$B$2:$B$7383=B3),'Raw Data'!$E$2:$E$7383),0.75),0)} -> 54.622917 | N3: {=IFERROR(PERCENTILE(IF(('Raw Data'!$A$2:$A$7383=A3)*('Raw Data'!$B$2:$B$7383=B3),'Raw Data'!$E$2:$E$7383),0.9),0)} -> 60.585417 | O3: {=IFERROR(PERCENTILE(IF(('Raw Data'!$A$2:$A$7383=A3)*('Raw Data'!$B$2:$B$7383=B3),'Raw Data'!$E$2:$E$7383),0.95),0)} -> 62.875 | P3: =I3+1.2816*K3 -> 60.187973 | Q3: =N3-P3 -> 0.39744383 | R3: =IF(G3<5,J3+K3,N3) -> 60.585417 | S3: 46 | T3: =+S3-R3 -> -14.585417
A4: FRLEH | B4: ARROS | C4: Le Havre (FRLEH) | D4: France | E4: Rosario (ARROS) | F4: Argentina | G4: =COUNTIFS('Raw Data'!$A$2:$A$7383,A4,'Raw Data'!$B$2:$B$7383,B4) -> 16 | H4: =IF(G4>=15,"High",IF(G4>=5,"Medium","Low")) -> High | I4: =IFERROR(AVERAGEIFS('Raw Data'!$E$2:$E$7383,'Raw Data'!$A$2:$A$7383,A4,'Raw Data'!$B$2:$B$7383,B4),0) -> 38.547049 | J4: {=IFERROR(MEDIAN(IF(('Raw Data'!$A$2:$A$7383=A4)*('Raw Data'!$B$2:$B$7383=B4),'Raw Data'!$E$2:$E$7383)),0)} -> 36.721528 | K4: {=IFERROR(STDEV(IF(('Raw Data'!$A$2:$A$7383=A4)*('Raw Data'!$B$2:$B$7383=B4),'Raw Data'!$E$2:$E$7383)),0)} -> 5.6789336 | L4: =IF(I4=0,0,K4/I4) -> 0.14732473 | M4: {=IFERROR(PERCENTILE(IF(('Raw Data'!$A$2:$A$7383=A4)*('Raw Data'!$B$2:$B$7383=B4),'Raw Data'!$E$2:$E$7383),0.75),0)} -> 39.766493 | N4: {=IFERROR(PERCENTILE(IF(('Raw Data'!$A$2:$A$7383=A4)*('Raw Data'!$B$2:$B$7383=B4),'Raw Data'!$E$2:$E$7383),0.9),0)} -> 43.482292 | O4: {=IFERROR(PERCENTILE(IF(('Raw Data'!$A$2:$A$7383=A4)*('Raw Data'!$B$2:$B$7383=B4),'Raw Data'!$E$2:$E$7383),0.95),0)} -> 47.690278 | P4: =I4+1.2816*K4 -> 45.82517 | Q4: =N4-P4 -> -2.3428782 | R4: =IF(G4<5,J4+K4,N4) -> 43.482292 | S4: 40 | T4: =+S4-R4 -> -3.4822917
A5: JPNGO | B5: BRPNG | C5: Nagoya, Aichi (JPNGO) | D5: Japan | E5: Paranaguá (BRPNG) | F5: Brazil | G5: =COUNTIFS('Raw Data'!$A$2:$A$7383,A5,'Raw Data'!$B$2:$B$7383,B5) -> 80 | H5: =IF(G5>=15,"High",IF(G5>=5,"Medium","Low")) -> High | I5: =IFERROR(AVERAGEIFS('Raw Data'!$E$2:$E$7383,'Raw Data'!$A$2:$A$7383,A5,'Raw Data'!$B$2:$B$7383,B5),0) -> 52.205943 | J5: {=IFERROR(MEDIAN(IF(('Raw Data'!$A$2:$A$7383=A5)*('Raw Data'!$B$2:$B$7383=B5),'Raw Data'!$E$2:$E$7383)),0)} -> 50.275 | K5: {=IFERROR(STDEV(IF(('Raw Data'!$A$2:$A$7383=A5)*('Raw Data'!$B$2:$B$7383=B5),'Raw Data'!$E$2:$E$7383)),0)} -> 9.2397415 | L5: =IF(I5=0,0,K5/I5) -> 0.17698639 | M5: {=IFERROR(PERCENTILE(IF(('Raw Data'!$A$2:$A$7383=A5)*('Raw Data'!$B$2:$B$7383=B5),'Raw Data'!$E$2:$E$7383),0.75),0)} -> 57.330208 | N5: {=IFERROR(PERCENTILE(IF(('Raw Data'!$A$2:$A$7383=A5)*('Raw Data'!$B$2:$B$7383=B5),'Raw Data'!$E$2:$E$7383),0.9),0)} -> 62.413274 | O5: {=IFERROR(PERCENTILE(IF(('Raw Data'!$A$2:$A$7383=A5)*('Raw Data'!$B$2:$B$7383=B5),'Raw Data'!$E$2:$E$7383),0.95),0)} -> 63.658646 | P5: =I5+1.2816*K5 -> 64.047596 | Q5: =N5-P5 -> -1.6343218 | R5: =IF(G5<5,J5+K5,N5) -> 62.413274 | S5: 52 | T5: =+S5-R5 -> -10.413274
A6: JPNGO | B6: TRYAR | C6: Nagoya, Aichi (JPNGO) | D6: Japan | E6: Yarimca (TRYAR) | F6: Türkiye | G6: =COUNTIFS('Raw Data'!$A$2:$A$7383,A6,'Raw Data'!$B$2:$B$7383,B6) -> 6 | H6: =IF(G6>=15,"High",IF(G6>=5,"Medium","Low")) -> Medium | I6: =IFERROR(AVERAGEIFS('Raw Data'!$E$2:$E$7383,'Raw Data'!$A$2:$A$7383,A6,'Raw Data'!$B$2:$B$7383,B6),0) -> 54.090278 | J6: {=IFERROR(MEDIAN(IF(('Raw Data'!$A$2:$A$7383=A6)*('Raw Data'!$B$2:$B$7383=B6),'Raw Data'!$E$2:$E$7383)),0)} -> 54.51875 | K6: {=IFERROR(STDEV(IF(('Raw Data'!$A$2:$A$7383=A6)*('Raw Data'!$B$2:$B$7383=B6),'Raw Data'!$E$2:$E$7383)),0)} -> 2.2999451 | L6: =IF(I6=0,0,K6/I6) -> 0.042520491 | M6: {=IFERROR(PERCENTILE(IF(('Raw Data'!$A$2:$A$7383=A6)*('Raw Data'!$B$2:$B$7383=B6),'Raw Data'!$E$2:$E$7383),0.75),0)} -> 54.919792 | N6: {=IFERROR(PERCENTILE(IF(('Raw Data'!$A$2:$A$7383=A6)*('Raw Data'!$B$2:$B$7383=B6),'Raw Data'!$E$2:$E$7383),0.9),0)} -> 56.191667 | O6: {=IFERROR(PERCENTILE(IF(('Raw Data'!$A$2:$A$7383=A6)*('Raw Data'!$B$2:$B$7383=B6),'Raw Data'!$E$2:$E$7383),0.95),0)} -> 56.797917 | P6: =I6+1.2816*K6 -> 57.037887 | Q6: =N6-P6 -> -0.84622081 | R6: =IF(G6<5,J6+K6,N6) -> 56.191667 | S6: 55 | T6: =+S6-R6 -> -1.1916667
A7: JPYOK | B7: ESALG | C7: Yokohama (JPYOK) | D7: Japan | E7: Algeciras (ESALG) | F7: Spain | G7: =COUNTIFS('Raw Data'!$A$2:$A$7383,A7,'Raw Data'!$B$2:$B$7383,B7) -> 203 | H7: =IF(G7>=15,"High",IF(G7>=5,"Medium","Low")) -> High | I7: =IFERROR(AVERAGEIFS('Raw Data'!$E$2:$E$7383,'Raw Data'!$A$2:$A$7383,A7,'Raw Data'!$B$2:$B$7383,B7),0) -> 52.064274 | J7: {=IFERROR(MEDIAN(IF(('Raw Data'!$A$2:$A$7383=A7)*('Raw Data'!$B$2:$B$7383=B7),'Raw Data'!$E$2:$E$7383)),0)} -> 46.688935 | K7: {=IFERROR(STDEV(IF(('Raw Data'!$A$2:$A$7383=A7)*('Raw Data'!$B$2:$B$7383=B7),'Raw Data'!$E$2:$E$7383)),0)} -> 12.772422 | L7: =IF(I7=0,0,K7/I7) -> 0.24532026 | M7: {=IFERROR(PERCENTILE(IF(('Raw Data'!$A$2:$A$7383=A7)*('Raw Data'!$B$2:$B$7383=B7),'Raw Data'!$E$2:$E$7383),0.75),0)} -> 55.636817 | N7: {=IFERROR(PERCENTILE(IF(('Raw Data'!$A$2:$A$7383=A7)*('Raw Data'!$B$2:$B$7383=B7),'Raw Data'!$E$2:$E$7383),0.9),0)} -> 62.933046 | O7: {=IFERROR(PERCENTILE(IF(('Raw Data'!$A$2:$A$7383=A7)*('Raw Data'!$B$2:$B$7383=B7),'Raw Data'!$E$2:$E$7383),0.95),0)} -> 77.349583 | P7: =I7+1.2816*K7 -> 68.43341 | Q7: =N7-P7 -> -5.5003636 | R7: =IF(G7<5,J7+K7,N7) -> 62.933046 | S7: 45 | T7: =+S7-R7 -> -17.933046
A8: JPYOK | B8: FRLEH | C8: Yokohama (JPYOK) | D8: Japan | E8: Le Havre (FRLEH) | F8: France | G8: =COUNTIFS('Raw Data'!$A$2:$A$7383,A8,'Raw Data'!$B$2:$B$7383,B8) -> 504 | H8: =IF(G8>=15,"High",IF(G8>=5,"Medium","Low")) -> High | I8: =IFERROR(AVERAGEIFS('Raw Data'!$E$2:$E$7383,'Raw Data'!$A$2:$A$7383,A8,'Raw Data'!$B$2:$B$7383,B8),0) -> 57.489081 | J8: {=IFERROR(MEDIAN(IF(('Raw Data'!$A$2:$A$7383=A8)*('Raw Data'!$B$2:$B$7383=B8),'Raw Data'!$E$2:$E$7383)),0)} -> 54.873264 | K8: {=IFERROR(STDEV(IF(('Raw Data'!$A$2:$A$7383=A8)*('Raw Data'!$B$2:$B$7383=B8),'Raw Data'!$E$2:$E$7383)),0)} -> 9.0140609 | L8: =IF(I8=0,0,K8/I8) -> 0.15679605 | M8: {=IFERROR(PERCENTILE(IF(('Raw Data'!$A$2:$A$7383=A8)*('Raw Data'!$B$2:$B$7383=B8),'Raw Data'!$E$2:$E$7383),0.75),0)} -> 63.563889 | N8: {=IFERROR(PERCENTILE(IF(('Raw Data'!$A$2:$A$7383=A8)*('Raw Data'!$B$2:$B$7383=B8),'Raw Data'!$E$2:$E$7383),0.9),0)} -> 68.641667 | O8: {=IFERROR(PERCENTILE(IF(('Raw Data'!$A$2:$A$7383=A8)*('Raw Data'!$B$2:$B$7383=B8),'Raw Data'!$E$2:$E$7383),0.95),0)} -> 74.970833 | P8: =I8+1.2816*K8 -> 69.041502 | Q8: =N8-P8 -> -0.39983491 | R8: =IF(G8<5,J8+K8,N8) -> 68.641667 | S8: 48 | T8: =+S8-R8 -> -20.641667
A9: JPYOK | B9: PTLEI | C9: Yokohama (JPYOK) | D9: Japan | E9: Leixões (PTLEI) | F9: Portugal | G9: =COUNTIFS('Raw Data'!$A$2:$A$7383,A9,'Raw Data'!$B$2:$B$7383,B9) -> 140 | H9: =IF(G9>=15,"High",IF(G9>=5,"Medium","Low")) -> High | I9: =IFERROR(AVERAGEIFS('Raw Data'!$E$2:$E$7383,'Raw Data'!$A$2:$A$7383,A9,'Raw Data'!$B$2:$B$7383,B9),0) -> 59.898488 | J9: {=IFERROR(MEDIAN(IF(('Raw Data'!$A$2:$A$7383=A9)*('Raw Data'!$B$2:$B$7383=B9),'Raw Data'!$E$2:$E$7383)),0)} -> 56.84375 | K9: {=IFERROR(STDEV(IF(('Raw Data'!$A$2:$A$7383=A9)*('Raw Data'!$B$2:$B$7383=B9),'Raw Data'!$E$2:$E$7383)),0)} -> 8.8874439 | L9: =IF(I9=0,0,K9/I9) -> 0.1483751 | M9: {=IFERROR(PERCENTILE(IF(('Raw Data'!$A$2:$A$7383=A9)*('Raw Data'!$B$2:$B$7383=B9),'Raw Data'!$E$2:$E$7383),0.75),0)} -> 63.653472 | N9: {=IFERROR(PERCENTILE(IF(('Raw Data'!$A$2:$A$7383=A9)*('Raw Data'!$B$2:$B$7383=B9),'Raw Data'!$E$2:$E$7383),0.9),0)} -> 72.689583 | O9: {=IFERROR(PERCENTILE(IF(('Raw Data'!$A$2:$A$7383=A9)*('Raw Data'!$B$2:$B$7383=B9),'Raw Data'!$E$2:$E$7383),0.95),0)} -> 77.177083 | P9: =I9+1.2816*K9 -> 71.288637 | Q9: =N9-P9 -> 1.4009467 | R9: =IF(G9<5,J9+K9,N9) -> 72.689583 | S9: 50 | T9: =+S9-R9 -> -22.689583
A10: JPYOK | B10: ROCND | C10: Yokohama (JPYOK) | D10: Japan | E10: Constanta (ROCND) | F10: Romania | G10: =COUNTIFS('Raw Data'!$A$2:$A$7383,A10,'Raw Data'!$B$2:$B$7383,B10) -> 48 | H10: =IF(G10>=15,"High",IF(G10>=5,"Medium","Low")) -> High | I10: =IFERROR(AVERAGEIFS('Raw Data'!$E$2:$E$7383,'Raw Data'!$A$2:$A$7383,A10,'Raw Data'!$B$2:$B$7383,B10),0) -> 67.405448 | J10: {=IFERROR(MEDIAN(IF(('Raw Data'!$A$2:$A$7383=A10)*('Raw Data'!$B$2:$B$7383=B10),'Raw Data'!$E$2:$E$7383)),0)} -> 64.873084 | K10: {=IFERROR(STDEV(IF(('Raw Data'!$A$2:$A$7383=A10)*('Raw Data'!$B$2:$B$7383=B10),'Raw Data'!$E$2:$E$7383)),0)} -> 7.6151067 | L10: =IF(I10=0,0,K10/I10) -> 0.11297465 | M10: {=IFERROR(PERCENTILE(IF(('Raw Data'!$A$2:$A$7383=A10)*('Raw Data'!$B$2:$B$7383=B10),'Raw Data'!$E$2:$E$7383),0.75),0)} -> 72.923594 | N10: {=IFERROR(PERCENTILE(IF(('Raw Data'!$A$2:$A$7383=A10)*('Raw Data'!$B$2:$B$7383=B10),'Raw Data'!$E$2:$E$7383),0.9),0)} -> 78.592846 | O10: {=IFERROR(PERCENTILE(IF(('Raw Data'!$A$2:$A$7383=A10)*('Raw Data'!$B$2:$B$7383=B10),'Raw Data'!$E$2:$E$7383),0.95),0)} -> 81.627502 | P10: =I10+1.2816*K10 -> 77.164969 | Q10: =N10-P10 -> 1.4278771 | R10: =IF(G10<5,J10+K10,N10) -> 78.592846 | S10: 69 | T10: =+S10-R10 -> -9.5928461
